,Exe Level ,Body Portion,Exercise Name,Weight (lbs),Sets Comp,Diff/ T
0,1,1,0,0,2,1
1,3,0,4,1,0,2
2,2,0,56,3,3,2
3,3,2,6,3,3,1
4,3,1,38,0,0,1
5,3,2,21,2,3,1
6,0,0,19,3,3,2
7,3,1,17,3,3,2
8,0,2,29,1,4,0
9,0,1,9,1,5,0
10,3,0,4,1,2,2
11,1,2,32,0,4,2
12,0,1,52,0,1,1
13,1,2,32,3,0,1
14,3,2,22,1,2,1
15,1,0,25,3,6,1
16,0,1,9,1,4,2
17,1,1,1,3,3,0
18,1,0,25,2,1,2
19,3,1,35,1,6,1
20,0,1,42,0,3,2
21,3,1,36,3,4,0
22,0,0,39,3,0,2
23,3,2,21,1,4,0
24,3,1,38,1,4,1
25,0,1,42,1,0,2
26,1,0,25,3,4,2
27,1,2,10,1,3,2
28,2,1,12,1,0,2
29,2,1,12,3,0,2
30,0,0,45,1,0,1
31,3,1,44,2,0,0
32,1,2,10,1,0,2
33,2,1,20,1,4,0
34,0,1,42,1,4,1
35,3,2,59,0,2,2
36,0,0,53,3,3,2
37,1,1,0,3,2,2
38,3,1,17,0,4,2
39,3,1,36,1,6,0
40,0,1,9,1,5,0
41,2,2,7,0,6,0
42,0,2,34,1,6,1
43,0,0,45,1,3,0
44,0,2,29,1,2,2
45,3,2,6,0,6,0
46,0,1,15,3,4,2
47,2,1,51,3,2,0
48,1,2,10,1,4,2
49,2,1,12,1,4,2
50,3,1,17,1,4,0
51,3,1,38,0,4,0
52,3,1,38,3,0,2
53,0,1,9,2,6,0
54,2,0,56,1,6,1
55,0,2,34,3,6,1
56,3,2,23,1,2,2
57,1,2,49,2,1,1
58,2,0,16,2,6,1
59,0,2,34,1,4,2
60,2,1,51,0,3,2
61,0,1,15,1,2,2
62,0,2,29,1,6,1
63,0,0,45,1,6,0
64,0,2,26,1,6,1
65,1,2,18,2,4,2
66,1,2,40,0,0,0
67,2,2,54,1,3,2
68,0,2,34,1,2,2
69,1,0,3,3,6,0
70,2,0,43,0,3,0
71,2,2,54,1,2,1
72,0,1,15,3,4,2
73,0,0,5,0,2,1
74,2,2,46,1,2,1
75,2,1,12,1,4,2
76,3,2,21,2,4,2
77,1,0,13,1,4,2
78,2,1,11,2,6,2
79,1,2,18,3,6,2
80,2,2,7,0,6,2
81,0,0,19,2,6,1
82,3,2,6,3,6,0
83,0,1,42,1,0,0
84,0,0,53,1,2,1
85,1,0,25,0,4,0
86,0,0,19,1,3,1
87,3,2,21,2,3,1
88,0,2,26,2,6,2
89,3,1,17,3,4,1
90,3,2,59,3,4,2
91,1,0,13,2,4,2
92,1,2,40,0,4,2
93,3,2,21,1,3,0
94,1,1,30,1,0,2
95,1,0,2,0,4,1
96,0,0,19,1,2,2
97,1,0,2,3,6,1
98,2,2,46,3,0,2
99,0,2,26,2,3,1
100,2,1,11,3,6,1
101,2,2,33,3,3,2
102,3,1,38,1,4,1
103,1,2,10,3,0,2
104,2,2,33,1,0,2
105,0,1,9,2,0,2
106,2,1,11,1,0,2
107,1,1,50,3,6,2
108,2,2,31,1,3,1
109,1,2,49,2,4,0
110,3,1,35,0,0,1
111,1,0,13,1,0,2
112,1,1,0,1,6,2
113,3,2,59,2,6,2
114,3,0,4,1,0,1
115,3,1,17,1,4,0
116,3,0,27,3,4,0
117,3,1,35,3,4,1
118,1,0,13,0,6,2
119,3,0,47,1,6,1
120,0,0,5,3,6,2
121,2,2,33,1,2,2
122,0,0,45,2,3,2
123,3,2,23,1,2,2
124,3,1,38,1,0,2
125,1,1,37,1,1,0
126,1,0,3,3,4,2
127,3,0,47,1,3,1
128,2,2,46,0,3,1
129,0,2,28,0,6,2
130,1,0,2,0,4,1
131,3,1,38,3,4,2
132,0,1,9,0,2,0
133,1,2,40,0,0,0
134,0,0,45,1,3,0
135,0,2,58,1,2,2
136,3,2,21,1,3,0
137,2,0,16,3,4,0
138,2,1,51,1,2,1
139,2,2,31,1,0,2
140,1,1,1,1,0,1
141,1,1,37,1,2,0
142,3,0,48,1,1,1
143,0,2,58,3,2,2
144,1,0,24,1,2,2
145,2,0,55,1,3,2
146,3,0,4,1,0,0
147,2,0,56,3,2,0
148,0,1,9,0,3,2
149,1,1,0,1,6,0
150,0,1,14,0,0,2
151,3,0,47,1,3,0
152,2,0,55,0,3,1
153,0,2,29,3,2,1
154,1,2,18,1,4,1
155,1,0,13,0,6,0
156,1,0,25,2,2,1
157,2,2,33,1,0,1
158,2,2,46,1,6,2
159,1,0,2,3,4,2
160,0,0,45,0,3,1
161,2,0,16,3,2,1
162,3,2,22,1,4,2
163,2,1,11,3,4,2
164,1,1,0,1,2,1
165,3,1,44,1,4,1
166,2,1,51,1,1,2
167,0,0,45,2,0,1
168,3,1,17,0,6,2
169,3,0,47,0,2,0
170,2,2,33,1,4,2
171,0,2,34,0,6,2
172,1,0,2,3,2,1
173,1,2,18,0,4,0
174,2,0,55,0,2,1
175,2,2,7,3,4,2
176,2,2,54,3,2,2
177,1,2,49,1,4,2
178,1,2,49,1,3,2
179,0,0,39,0,0,2
180,1,2,40,0,0,1
181,0,1,15,0,2,2
182,3,0,41,1,0,1
183,2,0,43,1,6,2
184,2,0,56,3,6,1
185,1,1,30,0,3,2
186,2,2,33,1,3,2
187,0,0,39,1,0,0
188,3,0,48,1,2,1
189,2,2,33,2,3,2
190,2,0,56,2,6,1
191,2,2,7,1,6,1
192,3,2,23,2,3,2
193,3,1,35,0,3,2
194,3,1,44,1,2,2
195,3,0,47,3,6,2
196,0,2,58,3,2,0
197,2,2,7,1,6,2
198,1,0,13,0,4,2
199,2,2,31,0,0,1
200,0,2,28,3,6,2
201,2,2,33,3,6,2
202,0,0,39,0,3,2
203,3,1,35,1,0,2
204,3,1,35,1,1,2
205,1,2,32,1,0,0
206,2,0,57,3,4,2
207,1,1,1,1,6,1
208,0,1,9,1,4,2
209,3,2,23,1,2,2
210,1,2,32,1,2,2
211,2,2,33,1,0,2
212,0,0,53,1,2,2
213,2,2,33,3,0,2
214,2,2,31,1,1,0
215,2,1,8,1,4,0
216,2,1,11,3,0,2
217,3,1,17,3,4,0
218,0,2,58,3,2,0
219,3,0,4,1,6,0
220,0,0,39,3,0,0
221,1,1,50,3,3,2
222,2,2,33,3,3,2
223,0,1,42,0,0,2
224,2,2,46,3,2,2
225,3,1,44,0,6,2
226,3,0,27,2,6,0
227,1,0,2,2,2,1
228,1,2,49,1,6,1
229,0,2,26,1,2,1
230,0,2,28,3,2,0
231,0,2,26,2,0,2
232,3,2,6,1,0,2
233,3,0,4,0,0,2
234,0,0,39,3,0,2
235,3,0,27,0,2,1
236,0,0,5,0,0,2
237,3,0,27,3,2,1
238,0,2,58,3,6,2
239,0,2,58,1,3,0
240,1,1,1,2,2,0
241,1,1,1,3,3,1
242,2,2,7,2,2,2
243,1,0,2,3,6,0
244,2,0,16,3,6,0
245,0,1,15,1,4,2
246,1,1,30,0,0,2
247,0,2,29,3,2,1
248,2,1,20,2,4,0
249,0,0,45,3,0,2
250,3,0,27,2,2,2
251,2,0,55,1,3,0
252,0,1,42,0,3,2
253,0,1,52,1,3,2
254,1,1,1,2,6,2
255,0,1,9,1,4,2
256,0,1,42,0,3,1
257,3,0,47,3,0,1
258,0,1,52,0,2,1
259,3,1,44,1,3,0
260,3,2,6,0,6,2
261,3,1,36,0,4,0
262,1,1,37,0,4,0
263,0,0,53,1,2,2
264,0,2,34,0,6,1
265,3,0,4,3,6,1
266,0,1,9,1,4,0
267,2,2,31,1,0,2
268,1,2,10,2,6,2
269,3,2,6,1,4,0
270,2,2,33,3,3,2
271,1,0,3,0,0,2
272,1,2,32,1,3,2
273,1,1,50,3,1,2
274,2,0,43,3,0,1
275,1,2,32,0,4,1
276,2,1,51,1,1,0
277,1,0,25,1,6,0
278,2,2,54,0,3,0
279,1,2,32,3,4,2
280,2,1,11,3,0,2
281,3,1,17,3,2,2
282,2,0,16,1,2,2
283,1,1,1,0,3,1
284,1,0,3,3,1,1
285,3,2,21,3,4,2
286,2,0,56,0,4,2
287,2,0,55,1,2,1
288,0,0,19,1,6,2
289,2,2,46,2,2,2
290,0,2,58,3,3,0
291,2,0,56,2,3,2
292,3,0,4,0,2,2
293,1,2,32,0,3,2
294,2,0,55,1,2,0
295,1,2,40,1,0,0
296,3,0,41,1,4,2
297,2,2,31,3,0,1
298,1,1,50,0,2,2
299,2,0,16,3,4,0
300,3,0,47,3,3,2
301,2,1,8,1,0,2
302,3,2,6,2,2,2
303,0,2,28,2,2,1
304,1,0,25,1,2,2
305,0,1,14,3,4,1
306,3,0,48,1,3,2
307,1,2,49,1,6,2
308,3,1,17,1,6,0
309,0,2,29,3,3,2
310,3,0,27,2,2,2
311,3,2,22,2,2,0
312,2,1,51,3,1,2
313,1,0,24,1,4,1
314,3,0,48,1,6,0
315,3,1,44,2,4,1
316,1,1,37,1,6,0
317,2,1,20,2,3,1
318,0,1,15,3,6,2
319,2,2,31,0,0,1
320,1,0,24,1,3,2
321,0,2,26,2,0,2
322,2,2,7,0,4,2
323,3,1,35,3,2,2
324,1,1,1,3,0,0
325,2,2,7,2,6,2
326,1,0,3,0,6,0
327,2,2,7,1,2,2
328,3,2,59,1,6,2
329,2,0,16,1,3,2
330,3,0,41,1,2,0
331,3,0,47,1,3,2
332,0,2,29,1,3,0
333,2,2,33,0,4,2
334,3,2,59,0,2,2
335,0,2,28,1,2,0
336,0,1,42,1,0,1
337,0,1,42,0,4,1
338,1,2,10,1,4,2
339,2,1,11,2,5,2
340,1,2,18,1,6,0
341,0,2,58,1,6,2
342,2,2,46,3,3,2
343,1,0,25,1,2,1
344,2,0,16,2,4,2
345,1,1,1,3,2,1
346,2,0,55,1,6,2
347,1,0,25,0,2,1
348,2,1,11,1,4,2
349,3,2,22,2,2,0
350,0,2,28,0,3,2
351,3,0,4,1,6,2
352,1,2,18,3,4,2
353,0,0,5,3,6,0
354,3,2,6,0,6,2
355,3,0,47,2,4,2
356,2,1,8,1,6,2
357,3,0,48,3,1,2
358,2,0,56,1,2,1
359,3,1,17,3,4,1
360,0,2,28,3,3,1
361,0,0,5,0,2,2
362,2,1,11,1,4,2
363,0,2,26,1,2,1
364,3,0,4,1,4,2
365,1,2,49,2,6,2
366,2,1,8,0,6,0
367,2,2,46,0,2,1
368,2,0,56,1,3,1
369,1,2,18,3,3,0
370,2,1,12,2,6,1
371,2,1,8,0,2,2
372,0,1,14,1,4,1
373,3,0,41,1,4,1
374,0,1,9,3,4,2
375,2,0,57,1,3,0
376,2,0,56,3,2,1
377,2,0,56,0,0,0
378,0,2,29,1,3,2
379,0,1,14,1,4,2
380,0,2,28,0,2,0
381,2,2,33,1,3,1
382,2,0,57,1,2,0
383,1,0,24,2,4,0
384,0,2,34,0,4,2
385,1,0,2,0,1,0
386,0,2,26,3,0,1
387,3,1,17,1,4,2
388,0,2,58,1,2,0
389,2,2,54,1,2,2
390,2,1,12,3,5,2
391,3,0,48,2,1,2
392,0,2,34,1,3,0
393,3,0,27,0,0,0
394,3,2,59,2,2,0
395,1,0,3,0,2,0
396,2,0,57,0,3,0
397,3,2,22,1,4,2
398,1,0,3,0,4,1
399,3,1,44,0,0,0
400,0,0,5,0,2,1
401,3,2,23,2,3,2
402,0,1,42,1,0,1
403,2,2,7,1,4,2
404,0,0,19,3,6,0
405,1,2,32,3,1,2
406,3,1,17,1,3,0
407,1,0,3,0,2,1
408,0,1,14,1,0,2
409,3,2,59,0,2,0
410,3,1,44,0,0,2
411,3,0,47,1,4,1
412,1,0,3,2,4,1
413,1,1,50,0,4,2
414,3,2,21,1,1,0
415,1,2,18,1,4,2
416,2,1,11,1,5,2
417,2,0,16,2,4,1
418,0,2,58,3,2,0
419,3,2,23,1,1,2
420,0,1,14,1,6,2
421,2,2,46,3,2,2
422,0,0,53,1,3,0
423,0,2,26,0,2,2
424,1,2,49,0,6,2
425,0,2,26,0,2,0
426,0,2,58,1,6,0
427,2,2,31,0,3,2
428,3,2,22,1,4,2
429,2,2,7,1,3,2
430,2,1,8,1,0,2
431,0,1,9,1,0,2
432,0,2,26,1,2,1
433,2,1,8,3,6,2
434,1,1,1,3,2,2
435,2,2,46,1,0,2
436,2,0,16,0,6,0
437,1,0,25,1,2,2
438,1,0,2,0,6,2
439,0,0,45,3,6,2
440,2,0,56,3,1,2
441,2,1,51,1,2,2
442,0,2,29,1,0,1
443,2,1,11,1,4,1
444,0,0,53,3,3,1
445,0,1,15,1,4,1
446,1,2,10,2,5,2
447,0,2,28,3,6,2
448,2,0,57,0,2,0
449,3,2,22,2,4,0
450,3,0,27,0,6,2
451,2,1,20,1,3,0
452,2,1,51,1,2,1
453,3,0,47,1,0,0
454,2,1,51,1,2,2
455,2,0,57,3,3,2
456,1,2,32,2,3,2
457,1,1,50,2,6,1
458,3,1,36,0,2,0
459,2,2,46,2,3,1
460,1,1,37,3,4,1
461,2,0,57,1,1,0
462,2,1,20,2,3,2
463,1,1,0,3,6,2
464,0,0,19,1,6,0
465,3,2,21,2,6,2
466,0,2,29,2,6,0
467,2,2,54,3,3,2
468,0,0,19,3,3,1
469,2,2,7,0,2,2
470,3,2,22,1,3,2
471,0,0,45,3,3,1
472,3,2,6,2,0,2
473,3,0,4,1,3,2
474,2,1,8,0,4,2
475,3,1,38,0,0,2
476,1,0,25,0,1,1
477,1,1,30,1,3,2
478,1,0,3,1,3,1
479,3,2,59,3,6,0
480,1,2,49,1,6,2
481,1,2,10,3,4,2
482,3,2,21,1,4,0
483,3,0,48,3,4,1
484,2,0,55,3,2,1
485,2,0,57,3,5,2
486,3,0,27,3,3,1
487,0,2,34,3,4,0
488,1,1,30,1,2,1
489,3,2,23,1,3,2
490,2,0,57,2,2,2
491,1,2,49,0,6,2
492,3,0,41,1,0,0
493,0,2,58,1,4,1
494,2,1,11,1,0,2
495,3,0,41,1,0,2
496,1,2,40,1,0,0
497,3,2,23,1,4,1
498,0,1,52,1,4,1
499,3,2,22,1,3,2
500,1,2,32,3,0,2
501,0,2,28,0,3,1
502,1,1,37,3,4,1
503,0,2,34,1,4,2
504,2,1,51,1,1,0
505,0,0,5,1,4,0
506,3,2,21,2,1,1
507,2,2,31,3,2,1
508,2,2,46,0,0,2
509,1,2,10,2,4,2
510,0,1,52,3,4,0
511,0,0,19,1,4,0
512,1,0,2,3,2,1
513,0,2,28,1,2,0
514,1,2,18,3,3,2
515,0,0,53,1,3,2
516,2,2,54,1,3,0
517,3,1,17,3,6,0
518,3,0,41,1,0,1
519,1,2,49,1,1,1
520,3,1,44,1,3,1
521,2,2,33,1,3,2
522,1,2,49,0,4,1
523,2,0,57,3,2,0
524,0,1,52,0,2,2
525,0,2,58,1,6,0
526,1,1,37,1,2,2
527,0,1,42,1,0,0
528,3,2,21,1,6,0
529,1,2,40,0,0,2
530,0,1,15,1,4,2
531,2,2,54,0,3,0
532,1,1,0,3,2,1
533,3,1,36,1,1,2
534,2,2,31,1,6,0
535,3,2,22,2,1,2
536,3,2,59,1,2,0
537,3,0,47,3,3,1
538,0,0,45,0,3,2
539,0,1,15,1,6,2
540,3,2,6,0,0,2
541,2,2,33,0,3,2
542,3,2,59,3,2,2
543,0,0,5,0,2,2
544,2,2,54,1,3,0
545,3,0,41,1,0,1
546,2,1,11,3,0,0
547,3,2,22,1,4,2
548,2,0,56,2,0,1
549,2,0,55,1,3,2
550,3,1,36,0,6,1
551,3,0,48,3,3,1
552,2,1,11,1,0,2
553,3,2,6,3,0,2
554,3,2,59,3,2,0
555,0,1,9,3,4,2
556,0,0,39,1,3,1
557,2,1,20,1,3,2
558,1,0,13,1,0,2
559,2,0,55,1,3,1
560,3,1,44,1,0,1
561,3,1,35,0,2,2
562,0,2,58,0,6,0
563,1,1,0,2,6,0
564,0,0,53,3,4,2
565,2,2,33,0,2,2
566,0,0,5,3,6,0
567,2,1,12,1,0,2
568,0,2,58,3,2,0
569,3,2,59,3,2,2
570,2,0,55,1,2,0
571,3,0,47,1,2,1
572,0,1,14,1,4,2
573,1,0,25,2,6,1
574,3,0,27,0,4,1
575,0,0,5,2,0,2
576,0,1,52,1,3,1
577,3,1,17,3,4,1
578,0,2,29,2,3,0
579,2,2,46,1,3,0
580,1,1,37,0,0,2
581,2,0,43,1,4,0
582,1,1,37,3,4,2
583,2,1,8,0,0,0
584,3,2,22,1,3,1
585,0,2,29,0,3,0
586,3,2,6,1,0,1
587,0,1,52,1,1,1
588,0,1,9,1,4,2
589,2,0,16,3,4,1
590,0,0,53,3,3,0
591,0,0,39,0,0,2
592,1,1,0,2,0,1
593,3,0,27,1,6,0
594,1,0,13,2,6,1
595,0,1,42,0,3,0
596,1,1,50,0,6,0
597,0,1,14,1,6,2
598,3,1,35,0,1,1
599,3,1,17,1,6,2
600,3,1,44,1,2,1
601,0,1,42,0,4,1
602,2,0,57,1,3,1
603,0,2,58,3,6,0
604,0,1,42,1,0,1
605,3,0,27,0,2,0
606,2,0,56,1,5,0
607,0,2,29,1,2,1
608,1,0,25,3,6,2
609,3,0,47,0,4,2
610,3,0,4,2,3,0
611,1,0,13,1,0,2
612,2,1,20,1,3,2
613,2,1,20,1,3,1
614,3,2,22,1,4,0
615,1,0,3,3,6,0
616,2,0,43,2,2,1
617,1,2,32,3,3,1
618,0,0,5,1,2,2
619,0,2,29,0,4,1
620,3,0,41,1,0,0
621,2,0,55,0,4,0
622,3,1,36,1,1,2
623,2,0,43,1,3,1
624,1,2,10,1,4,2
625,1,2,49,3,1,2
626,0,0,53,1,2,2
627,0,2,28,1,2,1
628,3,2,23,1,4,2
629,3,1,44,1,0,0
630,1,0,24,1,6,1
631,3,1,35,1,6,1
632,1,0,3,1,6,0
633,3,0,47,2,3,1
634,3,0,4,0,6,1
635,0,0,39,1,0,2
636,2,2,46,1,3,2
637,3,0,47,0,3,2
638,0,2,28,2,2,2
639,3,1,44,3,3,2
640,1,0,13,3,4,2
641,1,1,50,1,1,0
642,0,1,14,1,2,2
643,3,1,17,3,3,1
644,1,0,2,3,4,0
645,0,1,15,3,4,1
646,0,2,28,1,6,2
647,2,0,43,1,2,1
648,0,0,39,3,0,2
649,2,0,55,1,2,2
650,0,0,19,3,6,1
651,2,0,43,0,6,1
652,3,1,38,1,3,2
653,2,2,33,1,4,1
654,1,2,40,1,0,0
655,1,2,10,3,4,0
656,0,1,14,2,6,2
657,1,2,40,1,2,1
658,2,0,57,3,2,0
659,0,2,34,3,6,1
660,2,0,43,0,4,1
661,0,0,5,3,6,2
662,1,0,24,2,6,0
663,2,0,43,1,3,1
664,0,2,26,1,6,2
665,0,0,5,0,0,2
666,3,2,6,1,0,2
667,1,2,49,3,6,1
668,3,1,44,0,3,0
669,1,0,25,0,0,1
670,3,0,48,2,6,2
671,1,1,1,3,0,2
672,1,1,1,3,6,2
673,0,1,9,1,5,0
674,1,1,30,3,3,2
675,1,1,0,2,3,2
676,3,1,36,2,2,1
677,3,2,21,1,4,2
678,0,2,29,0,3,1
679,0,2,34,1,6,2
680,1,0,24,2,2,2
681,1,1,37,0,6,2
682,0,0,5,1,6,2
683,3,0,4,1,6,0
684,1,1,0,1,2,2
685,2,1,12,1,4,2
686,2,2,46,2,3,2
687,0,0,53,1,3,2
688,3,2,6,3,2,2
689,3,2,23,1,2,2
690,2,1,12,2,6,1
691,1,1,30,1,0,0
692,0,1,9,0,4,2
693,1,2,40,0,0,2
694,0,1,42,2,2,0
695,2,2,7,0,3,0
696,2,2,31,0,2,2
697,2,0,43,1,3,0
698,0,2,29,2,3,0
699,0,2,58,1,3,2
700,3,2,6,2,2,2
701,2,2,31,0,0,1
702,3,0,48,1,2,0
703,0,0,53,0,3,0
704,2,2,33,1,3,0
705,1,2,18,2,4,2
706,3,1,36,2,6,0
707,2,2,31,3,0,0
708,0,2,26,3,4,2
709,3,1,35,3,4,1
710,2,1,51,1,2,0
711,1,2,32,1,0,1
712,3,0,41,0,6,0
713,0,1,52,1,3,1
714,2,1,8,0,2,0
715,0,2,58,0,2,2
716,3,1,36,2,4,0
717,3,1,36,0,6,2
718,0,0,39,1,3,0
719,0,2,29,1,3,1
720,1,2,40,0,0,0
721,2,1,12,1,4,1
722,1,1,50,1,1,2
723,2,2,46,1,6,1
724,2,0,16,1,6,1
725,0,2,34,1,1,2
726,0,0,19,2,6,0
727,0,0,45,1,0,1
728,3,0,4,1,6,1
729,2,2,54,1,2,1
730,2,0,16,1,4,1
731,2,0,55,3,2,2
732,0,0,19,1,2,1
733,1,2,10,1,4,2
734,2,0,43,3,0,0
735,1,1,50,3,6,2
736,0,0,19,1,6,2
737,2,0,43,0,2,0
738,1,0,3,2,0,1
739,0,0,45,1,6,2
740,3,0,47,3,2,2
741,1,1,1,3,0,0
742,2,1,11,2,4,2
743,1,2,32,1,3,2
744,3,0,4,2,6,0
745,0,2,28,3,2,1
746,1,1,30,1,1,1
747,1,0,25,3,1,2
748,1,0,13,1,6,2
749,0,0,39,1,0,0
750,3,2,21,1,2,2
751,1,0,2,3,6,1
752,1,1,30,3,4,2
753,2,1,8,1,4,0
754,3,2,22,1,4,2
755,3,1,38,0,4,1
756,1,1,1,0,3,1
757,0,1,9,3,6,2
758,0,0,53,1,2,2
759,3,1,44,1,3,2
760,2,0,56,3,3,1
761,3,0,4,1,0,2
762,2,1,11,1,4,2
763,0,1,42,0,4,0
764,1,2,10,2,4,2
765,3,0,48,3,6,1
766,0,2,34,3,0,1
767,0,0,45,3,3,2
768,3,0,4,3,2,0
769,1,2,18,3,4,1
770,2,2,31,3,4,1
771,3,1,36,1,2,1
772,0,0,19,1,4,2
773,0,1,52,1,2,1
774,2,0,16,1,2,2
775,0,1,52,3,2,2
776,3,1,17,1,4,2
777,1,1,0,2,6,1
778,2,0,56,3,3,1
779,0,0,5,1,4,1
780,1,1,30,1,0,1
781,1,2,10,1,4,2
782,2,1,20,1,4,2
783,0,2,29,1,2,2
784,0,1,42,1,3,0
785,1,2,10,1,5,2
786,0,2,28,2,6,2
787,3,0,48,1,3,2
788,2,1,11,1,4,2
789,0,1,15,3,6,0
790,0,1,42,0,3,2
791,0,0,5,1,4,2
792,2,2,31,1,0,0
793,1,1,30,2,6,1
794,0,2,26,0,1,2
795,1,1,37,1,6,0
796,1,1,0,2,3,2
797,1,2,40,1,0,2
798,0,0,53,1,3,0
799,1,0,3,1,6,0
800,3,1,44,1,4,0
801,0,1,14,3,6,2
802,3,1,35,1,6,1
803,1,0,24,0,1,2
804,2,1,20,3,6,2
805,2,1,12,3,0,2
806,2,2,33,1,0,2
807,0,1,52,1,6,0
808,3,2,59,2,2,1
809,0,2,26,0,2,2
810,2,1,20,2,6,0
811,1,1,30,3,2,1
812,1,1,37,1,4,1
813,2,1,20,1,4,2
814,2,1,12,1,6,2
815,0,2,34,1,0,1
816,2,2,46,3,6,1
817,3,2,22,1,2,2
818,2,1,51,0,4,0
819,2,0,57,1,2,0
820,0,0,53,3,3,0
821,2,1,20,2,6,1
822,1,1,30,1,1,0
823,3,2,21,2,4,0
824,2,2,31,1,0,2
825,1,1,30,3,0,2
826,1,2,32,0,2,1
827,2,2,31,3,4,2
828,0,0,39,3,3,0
829,0,2,28,1,4,2
830,0,0,45,1,6,2
831,2,0,57,2,2,0
832,0,2,34,1,4,1
833,0,0,39,0,0,0
834,1,1,30,1,2,2
835,3,1,38,0,0,0
836,1,1,0,1,6,1
837,0,1,15,2,4,1
838,2,0,56,0,2,0
839,0,2,34,1,2,1
840,1,2,49,3,4,2
841,1,0,13,3,6,2
842,1,2,18,2,4,1
843,2,0,57,2,3,2
844,1,2,10,2,4,2
845,1,1,37,1,6,1
846,2,2,54,1,0,2
847,3,1,35,1,6,2
848,2,1,51,1,6,1
849,3,0,41,3,4,2
850,1,0,3,0,2,0
851,0,0,45,1,3,0
852,3,0,48,1,1,0
853,0,0,53,3,2,1
854,1,2,32,1,0,2
855,3,2,6,0,6,2
856,2,1,8,3,6,2
857,3,2,23,1,6,2
858,2,2,7,1,6,2
859,3,1,36,1,1,1
860,3,2,21,2,3,2
861,3,0,47,0,6,2
862,2,2,33,0,4,2
863,2,2,7,0,6,2
864,3,0,27,1,0,2
865,3,1,38,3,4,0
866,1,0,25,3,3,1
867,1,1,50,1,3,1
868,1,0,13,1,6,2
869,1,1,1,0,2,2
870,1,0,2,0,3,2
871,2,1,20,1,3,0
872,1,0,3,0,6,1
873,2,1,12,3,4,2
874,2,2,54,1,2,0
875,1,2,18,3,3,2
876,1,2,40,0,4,1
877,1,2,10,3,5,2
878,3,2,23,2,4,2
879,3,2,6,1,0,2
880,1,0,25,0,6,1
881,0,1,52,0,4,0
882,0,1,14,1,0,2
883,2,2,54,3,3,2
884,2,2,54,0,2,1
885,3,2,22,1,3,2
886,3,2,21,1,3,2
887,3,0,47,1,4,2
888,1,0,3,2,4,0
889,0,1,52,3,6,2
890,3,2,22,2,4,0
891,1,0,2,0,2,2
892,1,0,3,3,1,2
893,3,0,27,0,6,1
894,3,0,48,0,6,2
895,1,0,13,3,0,2
896,2,0,56,2,6,1
897,3,0,47,0,6,1
898,0,1,15,1,4,1
899,3,0,48,2,6,2
900,0,0,53,3,2,1
901,3,2,59,2,4,0
902,0,1,42,2,0,2
903,2,1,11,1,4,2
904,3,1,17,0,4,2
905,2,0,43,1,0,0
906,2,2,7,1,5,0
907,2,0,55,1,2,2
908,3,2,6,1,6,2
909,0,2,34,1,4,2
910,1,1,50,3,6,1
911,3,2,6,0,6,0
912,2,1,51,1,2,0
913,3,0,47,1,2,1
914,1,1,1,3,2,1
915,3,0,27,1,4,1
916,2,1,12,1,6,1
917,3,2,6,1,4,0
918,2,1,12,1,4,2
919,0,2,26,1,2,1
920,3,2,21,1,6,0
921,3,1,44,1,0,1
922,1,2,40,1,0,0
923,2,1,12,1,6,2
924,1,1,0,2,2,2
925,0,2,26,0,2,0
926,2,0,43,1,0,1
927,0,1,42,0,0,1
928,1,2,18,1,4,2
929,0,1,42,0,2,1
930,2,1,51,1,4,0
931,1,0,13,3,4,2
932,3,2,21,1,4,2
933,3,2,59,0,2,0
934,1,0,13,0,0,2
935,3,2,23,1,2,2
936,3,2,22,2,2,2
937,3,1,36,1,6,2
938,1,1,30,2,3,2
939,0,1,15,1,4,0
940,1,1,0,1,3,1
941,3,0,41,1,2,2
942,0,0,19,1,6,0
943,3,0,47,2,3,2
944,2,1,51,1,1,1
945,3,0,27,3,2,2
946,2,2,54,3,2,1
947,2,2,46,3,3,2
948,0,1,42,1,0,2
949,1,2,40,1,0,1
950,2,0,43,0,0,0
951,2,1,8,1,4,2
952,0,1,42,1,4,2
953,0,2,34,1,3,2
954,1,2,32,3,0,2
955,0,1,15,3,0,2
956,3,0,41,1,6,1
957,2,0,16,0,4,2
958,2,0,43,0,4,1
959,3,1,44,0,0,2
960,1,2,10,1,0,2
961,3,1,38,1,0,0
962,3,1,44,1,0,1
963,3,2,6,0,6,2
964,1,2,49,3,1,0
965,1,2,18,0,3,1
966,0,1,9,1,4,2
967,2,2,46,1,2,2
968,0,0,45,1,3,2
969,3,2,22,2,2,1
970,0,1,52,1,3,1
971,1,0,3,3,1,2
972,2,1,8,1,0,0
973,3,0,48,0,3,2
974,0,2,34,0,1,0
975,0,0,53,0,4,0
976,2,2,31,1,4,2
977,0,0,19,1,6,1
978,0,1,14,3,6,0
979,1,0,25,0,2,1
980,3,1,35,1,4,1
981,1,1,37,1,1,2
982,1,2,32,1,0,2
983,2,1,8,1,5,0
984,0,2,28,2,6,2
985,0,0,45,1,3,2
986,3,2,21,2,3,1
987,3,1,36,3,6,2
988,2,0,43,0,0,2
989,1,2,40,1,2,2
990,2,1,11,2,3,2
991,1,0,3,3,3,2
992,2,1,12,1,6,1
993,0,0,45,3,3,2
994,3,1,44,1,6,2
995,3,1,44,1,3,0
996,3,1,36,0,6,1
997,2,0,16,3,4,2
998,1,2,10,3,4,0
999,2,1,51,0,2,2
1000,1,1,0,2,6,2
1001,2,0,55,1,3,1
1002,1,1,30,1,0,1
1003,2,1,12,1,6,2
1004,3,0,47,3,0,2
1005,2,0,16,1,6,2
1006,3,1,38,1,3,1
1007,0,2,34,1,2,0
1008,1,1,37,3,6,0
1009,3,1,17,2,6,1
1010,2,2,33,3,3,0
1011,2,0,43,1,2,0
1012,1,1,1,0,2,1
1013,2,2,31,3,3,2
1014,1,0,2,1,2,1
1015,3,2,21,2,2,0
1016,2,0,57,0,0,2
1017,0,1,9,1,0,2
1018,1,1,0,2,0,1
1019,0,2,34,3,4,2
1020,2,2,31,1,4,1
1021,1,2,18,3,6,0
1022,2,1,12,1,0,2
1023,2,1,12,0,6,2
1024,0,1,15,1,6,0
1025,2,0,16,3,4,1
1026,0,1,9,1,6,0
1027,0,2,34,1,4,1
1028,0,1,9,1,0,2
1029,3,1,44,0,3,0
1030,1,1,37,0,2,0
1031,1,0,13,0,4,1
1032,1,0,2,1,2,0
1033,1,2,40,1,4,0
1034,3,2,21,2,3,1
1035,2,2,46,1,4,1
1036,1,1,1,0,6,2
1037,2,0,57,3,6,0
1038,1,1,1,2,2,1
1039,3,0,27,1,4,1
1040,0,1,14,1,6,1
1041,2,0,55,3,6,0
1042,2,0,57,1,3,2
1043,3,0,4,2,6,0
1044,1,1,37,1,4,2
1045,2,2,54,1,2,0
1046,1,0,3,2,0,2
1047,2,0,56,3,2,0
1048,0,0,53,0,2,2
1049,2,0,55,3,2,0
1050,2,1,11,1,4,2
1051,1,0,24,3,2,2
1052,0,1,52,1,6,1
1053,3,0,41,0,0,0
1054,0,2,28,0,2,1
1055,1,1,1,3,2,1
1056,3,1,35,0,6,1
1057,3,1,44,0,3,2
1058,0,0,53,1,0,1
1059,1,1,1,0,2,1
1060,2,0,57,0,3,0
1061,3,1,35,0,6,0
1062,0,2,29,3,2,2
1063,3,1,35,2,3,1
1064,1,2,18,1,6,2
1065,1,2,32,1,0,2
1066,0,0,5,1,2,2
1067,3,0,27,2,2,0
1068,1,2,40,1,4,0
1069,0,2,29,1,2,0
1070,0,1,9,1,4,0
1071,3,1,35,0,6,1
1072,3,2,21,1,3,2
1073,3,2,6,3,6,2
1074,2,1,11,3,0,2
1075,3,1,36,3,6,0
1076,1,0,3,3,2,0
1077,0,0,39,1,4,2
1078,0,0,39,1,4,0
1079,1,0,2,1,2,2
1080,0,1,14,1,6,2
1081,3,2,22,1,4,1
1082,2,0,55,1,2,1
1083,1,2,40,0,0,2
1084,2,2,46,3,4,0
1085,0,2,34,3,2,2
1086,0,1,15,3,6,2
1087,2,1,11,2,6,2
1088,1,1,1,0,6,1
1089,3,1,35,0,2,2
1090,0,1,14,3,6,1
1091,3,2,23,2,2,1
1092,3,2,23,1,2,0
1093,3,0,27,3,4,1
1094,3,0,41,1,0,1
1095,0,1,52,3,2,0
1096,2,0,16,1,6,1
1097,3,1,38,1,0,0
1098,0,1,14,1,6,2
1099,0,2,58,3,2,2
1100,1,1,37,0,6,2
1101,1,2,18,1,4,2
1102,3,2,59,2,6,2
1103,1,1,50,0,1,2
1104,2,0,56,0,2,2
1105,2,1,51,0,3,2
1106,1,2,49,1,2,1
1107,1,1,1,0,2,2
1108,2,2,54,1,3,0
1109,2,2,54,1,3,1
1110,2,0,57,3,3,0
1111,1,0,13,1,6,2
1112,2,0,56,3,2,2
1113,1,0,3,1,6,0
1114,1,1,30,3,3,1
1115,2,0,43,1,4,1
1116,3,2,59,3,6,2
1117,3,1,38,0,2,2
1118,1,2,10,2,5,2
1119,2,1,8,1,4,2
1120,3,0,27,2,2,1
1121,0,0,19,1,6,2
1122,1,2,10,1,0,2
1123,3,2,22,1,6,1
1124,2,1,11,2,3,0
1125,0,0,5,0,0,1
1126,1,0,2,2,2,1
1127,3,0,47,1,6,1
1128,2,2,31,3,0,2
1129,3,1,38,0,0,0
1130,3,1,36,0,1,2
1131,2,0,16,3,4,2
1132,3,1,36,0,3,1
1133,2,0,55,3,2,0
1134,1,0,24,0,2,0
1135,0,1,15,3,6,1
1136,3,0,27,1,2,1
1137,1,0,2,3,4,1
1138,1,1,30,1,3,0
1139,2,0,55,0,3,2
1140,2,2,54,3,3,2
1141,0,2,26,1,3,0
1142,0,1,14,1,4,1
1143,2,2,33,3,3,2
1144,3,1,35,1,6,0
1145,1,2,40,1,4,1
1146,0,1,14,1,6,2
1147,2,0,43,1,4,2
1148,0,1,9,1,4,2
1149,0,1,15,2,6,0
1150,2,0,57,0,1,0
1151,0,2,29,3,0,0
1152,2,1,8,1,5,2
1153,3,1,17,0,6,0
1154,3,1,36,0,4,0
1155,0,0,5,2,6,0
1156,1,2,18,1,6,0
1157,1,0,13,1,4,1
1158,2,2,54,3,2,2
1159,3,2,23,1,2,2
1160,0,1,42,0,4,1
1161,3,2,22,2,2,2
1162,2,2,7,1,5,2
1163,3,2,22,1,6,2
1164,1,0,25,2,6,2
1165,1,1,37,1,4,0
1166,0,1,9,1,0,2
1167,2,2,31,1,3,1
1168,3,1,17,2,3,2
1169,3,0,27,3,2,1
1170,2,1,20,2,2,2
1171,0,1,15,3,2,0
1172,1,2,40,1,0,2
1173,3,2,21,1,3,0
1174,0,1,42,1,4,0
1175,0,2,58,1,4,2
1176,1,1,0,3,6,2
1177,2,2,7,1,6,2
1178,2,0,55,1,4,2
1179,1,0,24,2,2,0
1180,1,2,10,0,0,2
1181,1,2,40,1,2,0
1182,0,0,53,1,2,1
1183,3,0,41,1,0,2
1184,1,1,50,0,6,2
1185,1,2,10,1,4,2
1186,1,1,30,1,0,1
1187,2,2,31,0,0,0
1188,0,1,42,1,0,0
1189,3,0,41,0,3,0
1190,0,1,15,2,4,2
1191,1,1,50,1,4,0
1192,2,2,54,1,2,1
1193,1,1,1,3,2,2
1194,3,0,47,1,3,2
1195,2,2,33,1,0,2
1196,2,2,54,3,2,2
1197,0,1,9,3,0,2
1198,2,1,8,1,4,2
1199,0,2,28,3,4,1
1200,1,0,24,1,2,2
1201,1,1,37,0,6,1
1202,2,0,57,3,2,0
1203,0,1,42,1,3,2
1204,1,1,37,1,6,2
1205,3,1,35,1,2,0
1206,2,2,54,1,3,0
1207,3,1,17,0,6,1
1208,3,1,36,1,3,2
1209,2,1,8,2,2,2
1210,1,0,24,3,6,2
1211,2,2,7,0,6,2
1212,3,0,48,1,3,1
1213,3,0,47,1,4,2
1214,1,0,13,1,6,0
1215,3,1,35,2,2,0
1216,0,2,34,1,3,0
1217,2,2,33,1,2,2
1218,3,0,4,0,3,0
1219,3,1,38,0,3,2
1220,1,1,50,0,2,1
1221,2,1,11,1,4,2
1222,3,0,27,3,2,1
1223,1,0,3,1,6,0
1224,0,0,53,1,6,1
1225,0,2,28,1,0,1
1226,3,1,36,1,6,0
1227,0,2,29,1,0,0
1228,2,2,33,3,4,2
1229,0,0,45,0,3,1
1230,1,1,30,0,4,1
1231,0,0,45,1,0,0
1232,1,2,32,0,3,2
1233,2,0,43,1,4,2
1234,1,0,2,0,2,2
1235,0,1,14,0,6,2
1236,0,2,26,2,2,1
1237,1,2,18,0,3,0
1238,3,1,35,1,4,2
1239,2,2,7,3,4,0
1240,2,2,46,3,6,2
1241,3,0,4,1,0,0
1242,0,2,26,3,0,0
1243,1,0,3,0,3,1
1244,3,1,17,1,4,2
1245,2,0,43,0,4,0
1246,1,1,50,1,4,0
1247,3,0,27,3,1,0
1248,3,1,38,1,0,2
1249,1,2,49,2,4,2
1250,0,0,5,0,6,0
1251,3,0,27,0,2,1
1252,0,0,5,1,3,1
1253,2,1,51,3,4,2
1254,0,1,52,0,6,1
1255,1,1,50,0,2,2
1256,1,1,30,2,6,0
1257,0,1,52,1,1,2
1258,1,0,2,3,0,2
1259,2,2,46,3,4,2
1260,0,2,58,1,4,2
1261,2,0,56,3,1,1
1262,0,1,42,1,4,2
1263,3,2,59,3,2,0
1264,2,1,12,1,0,2
1265,2,2,54,3,3,0
1266,3,1,35,3,2,1
1267,0,1,9,3,6,2
1268,3,0,4,1,6,0
1269,1,2,32,1,3,2
1270,2,0,55,1,2,1
1271,3,0,48,0,3,0
1272,3,1,35,1,6,0
1273,0,0,5,1,6,2
1274,2,2,31,1,2,2
1275,0,2,28,2,2,1
1276,2,0,57,3,1,0
1277,3,2,22,1,2,2
1278,3,1,44,3,2,2
1279,2,1,20,1,3,0
1280,2,0,55,3,3,1
1281,1,0,13,1,4,2
1282,1,2,32,2,3,2
1283,2,1,20,2,6,2
1284,1,1,30,0,6,1
1285,1,1,0,1,2,0
1286,0,2,26,2,2,2
1287,2,1,8,1,4,2
1288,3,0,41,1,0,0
1289,0,2,26,3,1,2
1290,0,0,5,1,6,0
1291,3,2,21,2,6,2
1292,2,0,43,0,3,0
1293,3,0,47,0,3,1
1294,3,2,22,1,1,2
1295,1,0,25,2,2,2
1296,3,1,36,3,3,0
1297,3,2,23,1,2,2
1298,1,2,40,1,0,0
1299,1,2,32,1,0,1
1300,1,1,1,1,0,2
1301,2,1,12,1,6,2
1302,0,2,58,3,3,2
1303,0,2,34,1,0,0
1304,3,1,38,1,0,1
1305,2,1,51,1,3,2
1306,3,2,23,1,3,1
1307,2,0,16,3,6,2
1308,2,0,55,0,6,2
1309,2,0,16,2,6,1
1310,3,2,6,3,6,2
1311,3,2,59,3,4,2
1312,0,0,5,0,6,0
1313,0,1,9,1,4,0
1314,1,1,50,2,4,1
1315,0,2,58,3,6,0
1316,2,1,51,1,4,1
1317,1,1,1,2,2,0
1318,0,0,45,0,0,0
1319,2,0,56,1,2,1
1320,1,1,0,0,6,1
1321,2,2,31,3,6,0
1322,1,2,49,1,4,1
1323,2,1,20,1,1,1
1324,3,1,44,1,4,1
1325,1,0,24,0,2,2
1326,2,1,51,0,6,2
1327,1,2,40,0,4,0
1328,0,2,34,1,2,1
1329,3,1,17,3,6,0
1330,1,1,50,1,2,1
1331,1,0,25,1,2,1
1332,3,2,6,0,4,2
1333,2,0,43,1,0,2
1334,3,0,47,3,3,2
1335,1,2,18,1,3,1
1336,3,0,48,2,1,2
1337,2,2,54,1,4,2
1338,1,1,0,2,0,2
1339,1,2,18,1,3,2
1340,3,0,41,1,4,1
1341,0,1,14,3,0,0
1342,3,2,22,2,2,0
1343,1,1,1,3,6,1
1344,2,2,54,0,3,0
1345,1,2,18,1,4,2
1346,0,0,45,0,0,0
1347,1,0,13,0,6,2
1348,1,2,32,1,3,0
1349,2,1,20,2,3,0
1350,0,2,58,0,2,2
1351,1,1,50,1,1,1
1352,0,1,14,0,2,2
1353,0,2,34,3,3,2
1354,1,0,3,1,0,2
1355,1,0,3,0,6,0
1356,2,0,55,1,3,1
1357,0,0,53,0,3,0
1358,1,1,0,3,2,0
1359,2,1,8,1,4,0
1360,0,1,14,0,4,0
1361,0,0,5,3,6,2
1362,1,1,50,3,4,2
1363,0,0,5,0,3,0
1364,0,1,52,3,3,1
1365,2,1,11,1,0,2
1366,0,0,39,1,0,2
1367,3,0,48,2,3,2
1368,0,0,45,0,0,2
1369,2,0,16,1,6,2
1370,0,0,5,0,6,2
1371,2,2,7,1,6,2
1372,1,2,18,1,3,0
1373,2,0,43,3,3,0
1374,3,1,44,0,0,0
1375,2,2,46,0,4,0
1376,2,1,20,2,3,0
1377,1,2,40,1,0,1
1378,3,0,41,1,0,2
1379,2,0,57,3,3,2
1380,0,0,19,1,2,2
1381,3,0,27,3,6,2
1382,2,0,16,0,6,0
1383,2,0,57,1,2,2
1384,0,0,39,1,3,0
1385,0,0,5,0,3,0
1386,2,2,7,0,5,2
1387,2,2,54,1,4,1
1388,3,0,41,0,3,0
1389,3,1,35,3,1,0
1390,1,2,49,1,1,2
1391,2,1,12,2,0,2
1392,3,0,41,0,5,0
1393,3,2,22,1,3,0
1394,0,1,52,1,2,2
1395,2,1,51,1,1,0
1396,3,0,47,1,3,2
1397,3,2,21,1,1,1
1398,0,1,9,1,0,2
1399,2,2,33,0,3,2
1400,1,2,10,1,5,2
1401,3,2,59,0,6,2
1402,3,0,4,0,6,2
1403,2,1,12,2,3,2
1404,0,1,15,1,6,2
1405,0,1,42,1,0,0
1406,3,0,48,0,3,2
1407,2,2,33,1,1,2
1408,3,2,6,1,6,0
1409,2,2,33,0,3,1
1410,2,2,7,2,6,2
1411,0,2,58,3,2,2
1412,3,0,4,1,2,1
1413,3,1,44,1,3,2
1414,0,1,52,3,3,0
1415,3,2,21,1,6,1
1416,0,2,58,3,6,0
1417,1,1,1,0,2,2
1418,3,2,23,2,1,2
1419,0,0,19,1,4,2
1420,0,0,39,1,0,0
1421,3,2,21,1,4,1
1422,0,1,42,1,2,1
1423,1,1,0,2,2,1
1424,3,2,23,1,3,2
1425,2,2,31,3,3,1
1426,0,2,28,3,2,2
1427,3,2,22,2,6,2
1428,0,0,53,0,2,0
1429,0,2,29,1,3,0
1430,1,0,25,1,2,1
1431,1,0,13,1,0,2
1432,1,1,30,1,3,2
1433,3,2,59,0,2,0
1434,1,1,37,0,6,0
1435,0,2,28,2,1,0
1436,2,2,7,1,4,0
1437,3,1,38,1,4,2
1438,0,1,15,3,2,2
1439,1,1,37,0,4,1
1440,2,1,8,1,2,0
1441,3,0,48,1,4,1
1442,2,1,20,1,6,2
1443,0,0,39,0,0,2
1444,0,0,19,1,2,0
1445,1,1,30,1,4,1
1446,3,1,36,1,6,2
1447,2,2,33,3,4,1
1448,0,0,45,3,2,2
1449,0,1,14,3,2,2
1450,0,2,34,1,4,1
1451,2,1,8,1,4,0
1452,1,2,18,1,6,2
1453,1,1,0,1,2,1
1454,2,1,20,1,3,0
1455,0,2,26,3,6,1
1456,0,0,45,1,6,2
1457,0,2,34,1,6,2
1458,3,1,38,1,2,1
1459,1,0,2,0,1,1
1460,3,1,38,0,0,2
1461,1,2,32,3,2,2
1462,0,1,42,1,4,1
1463,0,0,5,0,0,2
1464,3,2,6,0,4,2
1465,0,1,14,1,4,1
1466,3,2,22,1,2,0
1467,1,1,37,3,4,2
1468,2,1,20,1,3,2
1469,2,2,46,0,4,2
1470,3,1,35,1,1,0
1471,2,1,8,0,6,2
1472,1,0,24,1,6,2
1473,3,0,41,1,0,2
1474,3,0,41,0,0,1
1475,0,0,53,0,2,1
1476,1,0,2,3,3,1
1477,1,2,32,1,1,1
1478,3,0,48,1,3,2
1479,1,1,0,2,6,2
1480,3,1,36,3,4,2
1481,1,1,37,0,6,2
1482,3,1,44,0,2,2
1483,1,1,50,3,4,1
1484,0,0,19,1,6,0
1485,0,0,53,0,3,1
1486,3,1,17,2,3,2
1487,1,0,3,3,2,2
1488,3,0,48,1,6,1
1489,2,2,46,3,4,2
1490,0,0,5,1,3,2
1491,2,0,55,3,2,1
1492,2,0,57,3,5,1
1493,1,0,24,0,6,2
1494,1,0,3,2,6,0
1495,0,0,45,1,0,1
1496,1,1,30,2,2,2
1497,0,1,14,1,6,1
1498,2,0,16,1,4,1
1499,0,0,53,3,5,2
1500,0,0,19,1,3,1
1501,3,2,59,1,6,2
1502,1,1,37,3,3,0
1503,2,0,43,0,3,2
1504,0,1,14,1,6,2
1505,1,1,30,1,2,2
1506,3,2,23,1,3,2
1507,1,2,18,2,4,2
1508,2,1,51,1,3,0
1509,2,2,33,1,3,2
1510,1,1,1,0,2,2
1511,3,2,22,1,6,1
1512,1,1,0,3,3,2
1513,0,0,39,0,2,1
1514,3,0,4,1,6,2
1515,1,1,50,0,1,1
1516,2,2,54,1,2,0
1517,3,2,59,0,2,0
1518,3,2,23,1,3,2
1519,2,1,8,0,0,2
1520,0,1,15,1,4,1
1521,0,2,58,0,5,2
1522,3,1,38,1,4,2
1523,0,1,15,3,2,0
1524,0,2,26,1,0,2
1525,0,2,26,3,0,2
1526,0,0,19,2,6,2
1527,1,2,32,1,3,2
1528,1,0,2,3,4,2
1529,2,0,43,1,4,2
1530,0,2,29,0,4,2
1531,3,1,36,1,4,0
1532,2,1,12,1,4,2
1533,2,0,55,0,2,0
1534,1,2,40,3,0,0
1535,1,1,30,1,3,2
1536,1,1,50,1,1,2
1537,0,0,5,3,2,1
1538,1,0,24,0,1,2
1539,3,2,6,1,6,2
1540,0,2,58,3,6,1
1541,0,1,52,3,2,2
1542,1,1,1,1,6,2
1543,0,1,15,1,6,2
1544,2,0,57,3,2,0
1545,0,1,15,1,4,0
1546,2,1,8,3,4,0
1547,2,2,7,1,4,0
1548,2,1,12,1,0,0
1549,2,0,43,0,4,1
1550,0,1,15,1,2,2
1551,1,0,24,0,6,1
1552,0,0,45,2,4,1
1553,0,2,26,1,2,1
1554,2,2,31,1,3,2
1555,1,0,24,3,4,2
1556,0,1,15,3,4,1
1557,3,2,59,3,2,0
1558,0,0,5,0,3,0
1559,3,1,35,3,6,0
1560,3,2,23,1,3,2
1561,1,0,25,0,2,1
1562,3,1,17,3,2,2
1563,2,1,51,0,6,1
1564,2,0,55,1,2,0
1565,3,1,38,1,0,2
1566,2,0,43,0,0,1
1567,1,2,49,1,4,1
1568,1,2,40,1,3,2
1569,3,1,36,1,6,1
1570,3,1,35,1,4,1
1571,2,0,57,1,2,0
1572,0,1,15,3,6,2
1573,2,0,57,0,2,2
1574,1,0,24,3,1,1
1575,1,2,10,1,0,2
1576,0,2,29,2,2,2
1577,3,1,36,0,1,2
1578,3,2,22,2,2,0
1579,1,0,24,0,1,2
1580,1,0,2,2,3,2
1581,2,0,16,1,2,0
1582,1,0,25,0,2,1
1583,0,1,52,1,1,0
1584,1,0,3,0,3,1
1585,1,1,37,1,6,0
1586,0,0,39,0,3,0
1587,0,0,39,0,4,1
1588,2,0,55,3,3,2
1589,3,0,47,1,3,2
1590,1,0,2,3,2,2
1591,2,1,20,2,4,1
1592,3,1,17,1,6,2
1593,2,0,55,3,2,0
1594,2,2,54,3,5,1
1595,3,2,6,1,6,1
1596,1,1,37,1,2,2
1597,3,0,48,1,2,1
1598,1,0,2,0,2,2
1599,2,2,54,1,3,0
1600,3,1,38,3,0,0
1601,3,0,27,0,2,0
1602,3,2,22,1,3,2
1603,2,1,51,0,4,1
1604,3,1,44,0,4,2
1605,3,2,6,3,4,1
1606,0,1,14,2,0,2
1607,3,0,48,2,3,1
1608,0,2,58,3,6,0
1609,0,2,29,2,1,1
1610,0,2,26,2,4,0
1611,2,0,56,1,2,2
1612,1,1,37,3,1,2
1613,2,0,16,3,2,2
1614,2,1,8,1,6,2
1615,3,2,23,2,2,2
1616,2,0,16,3,4,1
1617,0,0,39,1,3,1
1618,0,1,52,1,2,2
1619,2,2,7,0,2,2
1620,1,1,37,1,0,1
1621,3,2,59,0,6,2
1622,3,2,23,1,2,0
1623,1,0,2,1,2,1
1624,2,2,46,1,3,1
1625,0,0,39,1,0,2
1626,1,2,10,1,4,2
1627,0,0,45,1,4,2
1628,0,0,45,0,6,1
1629,1,1,1,2,6,2
1630,1,2,40,0,3,1
1631,1,2,18,1,4,2
1632,2,2,46,1,4,2
1633,2,1,20,1,4,1
1634,2,0,56,1,2,0
1635,2,0,16,3,4,1
1636,0,2,34,1,4,2
1637,1,1,30,1,2,2
1638,2,2,31,1,3,2
1639,1,2,49,0,6,2
1640,1,0,24,1,2,0
1641,0,1,9,1,0,2
1642,0,0,53,1,2,2
1643,1,0,2,1,2,2
1644,1,0,25,2,1,2
1645,1,0,2,0,6,0
1646,2,1,12,2,4,2
1647,2,2,46,2,3,0
1648,2,1,11,1,0,2
1649,0,2,58,1,6,1
1650,3,2,23,1,1,2
1651,3,0,4,1,2,0
1652,2,2,31,2,1,0
1653,3,1,35,3,6,2
1654,3,2,22,1,3,0
1655,0,0,19,1,6,1
1656,0,2,28,3,6,0
1657,2,1,8,1,3,0
1658,3,1,35,3,6,0
1659,2,1,8,1,0,2
1660,1,1,0,2,6,1
1661,3,1,17,2,3,2
1662,2,2,54,1,2,2
1663,3,0,48,2,2,2
1664,2,1,8,1,4,2
1665,1,2,49,2,6,1
1666,2,1,20,1,1,2
1667,0,1,52,0,2,2
1668,3,1,35,0,4,2
1669,3,1,35,1,2,0
1670,2,2,7,0,0,2
1671,1,0,25,2,1,2
1672,1,2,18,1,3,2
1673,1,2,49,1,6,2
1674,1,2,18,3,6,2
1675,1,0,24,0,3,2
1676,3,1,36,3,1,2
1677,2,1,8,3,4,0
1678,0,2,58,3,3,0
1679,2,2,54,3,5,1
1680,1,2,49,0,3,1
1681,0,2,28,3,3,0
1682,2,1,11,1,4,2
1683,2,0,56,0,3,2
1684,0,2,29,0,3,2
1685,1,2,32,1,6,2
1686,1,0,3,1,2,2
1687,2,2,46,1,2,1
1688,2,2,46,1,3,1
1689,3,0,41,0,3,1
1690,0,2,28,1,1,1
1691,2,0,16,2,6,0
1692,0,0,39,1,0,2
1693,3,1,36,1,6,0
1694,2,0,56,1,5,0
1695,2,1,12,2,4,2
1696,3,2,59,3,2,2
1697,1,2,49,3,4,0
1698,2,0,56,3,3,2
1699,2,0,57,1,2,0
1700,3,2,21,2,4,2
1701,0,2,26,2,2,1
1702,0,1,52,0,1,1
1703,3,1,35,3,3,2
1704,2,0,56,3,1,0
1705,0,0,19,2,4,2
1706,1,2,32,3,1,2
1707,2,1,20,2,6,1
1708,0,0,5,1,6,2
1709,1,0,2,3,0,1
1710,2,0,43,2,0,2
1711,1,1,30,1,4,0
1712,0,2,34,1,2,2
1713,3,0,41,1,0,2
1714,2,0,56,3,0,2
1715,0,1,15,3,4,2
1716,2,0,56,3,5,0
1717,3,2,23,2,1,2
1718,0,1,15,1,4,1
1719,2,1,20,3,6,2
1720,3,2,59,0,6,0
1721,2,1,20,3,4,1
1722,3,0,47,2,4,0
1723,2,1,51,0,2,1
1724,3,0,47,3,3,0
1725,3,0,27,1,2,1
1726,3,1,38,3,0,2
1727,1,0,3,1,6,1
1728,1,0,13,0,2,1
1729,2,2,46,1,2,2
1730,3,1,17,1,2,0
1731,1,0,13,0,0,2
1732,2,2,31,1,3,2
1733,3,2,6,1,6,2
1734,1,2,10,1,0,0
1735,0,1,9,1,4,2
1736,2,1,11,2,4,0
1737,3,0,41,1,0,2
1738,2,1,51,1,3,2
1739,3,2,6,2,0,2
1740,1,2,18,2,6,2
1741,0,0,53,1,3,1
1742,1,1,0,1,0,1
1743,2,1,20,1,3,1
1744,2,1,20,1,3,0
1745,1,2,40,3,0,0
1746,1,0,13,0,6,2
1747,3,1,38,0,3,2
1748,1,0,13,1,0,2
1749,1,2,49,2,6,0
1750,0,1,15,1,2,1
1751,1,1,50,1,1,2
1752,1,1,30,3,3,2
1753,2,1,12,2,0,2
1754,3,1,44,1,2,1
1755,1,1,1,3,6,1
1756,3,1,44,0,2,0
1757,2,0,57,3,2,2
1758,1,0,13,2,6,2
1759,0,1,14,3,0,2
1760,2,0,16,2,6,2
1761,2,1,51,1,2,1
1762,0,2,58,0,2,1
1763,1,2,40,0,0,2
1764,2,2,46,1,3,0
1765,1,1,0,3,3,1
1766,1,1,50,0,1,1
1767,2,1,12,1,4,2
1768,3,2,21,1,3,2
1769,0,0,5,1,2,1
1770,2,2,46,1,2,0
1771,0,2,58,3,3,0
1772,0,2,26,1,1,2
1773,2,1,11,1,4,2
1774,0,2,29,2,1,2
1775,2,0,55,1,2,1
1776,1,1,37,1,0,2
1777,2,2,31,1,2,0
1778,0,1,52,3,2,0
1779,1,0,25,1,2,2
1780,0,1,14,1,4,2
1781,0,1,9,1,4,0
1782,0,1,52,0,3,0
1783,2,2,46,3,2,1
1784,2,2,33,3,4,1
1785,0,0,19,2,6,2
1786,0,1,42,2,3,2
1787,3,0,4,2,6,2
1788,1,2,49,2,4,1
1789,2,2,7,0,4,2
1790,3,0,27,0,2,2
1791,2,1,51,0,2,1
1792,3,0,41,0,2,1
1793,1,0,24,2,4,1
1794,3,0,47,1,3,2
1795,2,1,51,0,3,1
1796,0,0,53,1,3,0
1797,2,0,55,3,3,0
1798,3,1,35,3,6,1
1799,3,1,35,3,2,1
1800,0,0,39,1,0,2
1801,3,0,48,1,6,2
1802,3,1,38,0,3,0
1803,3,2,6,0,6,1
1804,1,0,13,1,6,2
1805,2,2,7,1,4,2
1806,3,0,4,0,3,2
1807,2,1,20,3,3,0
1808,2,2,54,1,3,0
1809,0,0,19,2,6,2
1810,2,1,11,1,4,2
1811,1,1,50,1,4,2
1812,3,1,38,1,0,2
1813,1,2,10,1,4,2
1814,1,2,10,0,6,0
1815,0,2,34,3,4,1
1816,2,2,31,1,0,0
1817,1,2,40,1,4,2
1818,1,2,32,3,4,2
1819,3,1,38,1,4,0
1820,0,1,52,1,4,0
1821,3,2,59,3,2,1
1822,2,1,8,2,2,2
1823,0,2,29,2,2,1
1824,1,1,1,3,3,0
1825,0,0,45,0,2,1
1826,0,1,52,1,1,2
1827,3,1,44,1,3,2
1828,0,0,19,3,2,2
1829,3,0,27,2,1,2
1830,2,1,8,1,5,2
1831,3,0,27,0,1,1
1832,0,1,52,1,6,2
1833,3,1,44,1,3,2
1834,3,1,17,2,4,1
1835,0,2,28,0,2,1
1836,3,0,41,1,0,1
1837,1,1,50,3,4,0
1838,1,1,50,1,6,1
1839,3,0,47,3,3,1
1840,0,1,9,1,5,0
1841,1,1,0,3,2,1
1842,3,1,36,3,2,2
1843,2,1,51,3,3,2
1844,3,1,35,1,4,0
1845,0,1,9,1,5,2
1846,1,0,24,2,2,2
1847,0,1,52,1,6,2
1848,0,2,28,0,2,1
1849,1,2,18,3,4,0
1850,3,0,4,1,6,2
1851,1,2,40,1,0,2
1852,1,2,40,1,0,2
1853,2,2,46,0,2,1
1854,3,2,59,1,2,0
1855,3,1,35,3,6,0
1856,0,0,5,3,4,2
1857,2,1,8,3,6,2
1858,0,0,19,2,3,2
1859,0,1,9,1,0,2
1860,0,2,29,1,3,1
1861,3,2,21,1,2,0
1862,3,1,38,1,3,0
1863,2,2,7,1,2,2
1864,1,0,2,1,2,1
1865,1,2,10,1,0,2
1866,1,2,49,3,1,0
1867,1,2,40,1,0,2
1868,2,1,51,3,3,0
1869,3,2,59,2,2,0
1870,2,0,43,2,3,1
1871,3,0,48,1,1,2
1872,2,1,11,1,0,0
1873,3,2,59,0,2,2
1874,3,2,59,0,2,0
1875,0,2,34,0,3,2
1876,3,0,48,3,4,2
1877,1,2,10,2,0,2
1878,0,1,52,1,2,1
1879,3,1,38,0,3,1
1880,3,0,48,3,6,0
1881,1,2,32,1,4,1
1882,2,1,11,2,0,2
1883,1,0,24,0,2,2
1884,1,1,1,2,0,2
1885,1,1,50,0,4,1
1886,3,2,59,3,2,0
1887,1,0,25,2,6,0
1888,0,1,15,1,2,2
1889,1,2,18,2,3,2
1890,2,2,54,3,6,2
1891,2,1,20,1,6,1
1892,2,0,56,0,4,0
1893,0,1,9,1,0,2
1894,3,1,35,1,2,2
1895,1,0,24,3,3,2
1896,1,2,32,1,0,1
1897,0,2,26,3,2,1
1898,2,1,12,2,0,2
1899,2,1,51,3,4,1
1900,1,2,18,1,6,2
1901,1,2,40,1,0,2
1902,2,1,12,3,6,2
1903,2,2,7,1,0,2
1904,2,1,20,2,6,0
1905,3,2,21,1,2,2
1906,1,2,10,1,4,2
1907,0,1,42,1,0,1
1908,3,2,6,0,3,0
1909,0,0,45,1,6,2
1910,1,0,24,3,3,1
1911,0,2,58,3,2,2
1912,3,0,4,1,2,2
1913,1,0,13,1,2,2
1914,0,1,14,1,4,2
1915,3,1,36,1,4,0
1916,0,1,42,0,0,2
1917,2,0,16,3,4,0
1918,1,2,10,1,4,0
1919,0,0,53,0,2,0
1920,1,2,18,3,3,2
1921,2,2,7,2,0,2
1922,0,2,34,3,3,2
1923,1,0,2,3,6,2
1924,3,2,6,1,4,2
1925,2,0,57,1,3,2
1926,1,0,25,1,0,2
1927,1,1,50,1,6,2
1928,2,0,56,0,3,0
1929,1,0,25,3,2,2
1930,2,1,11,1,0,2
1931,2,0,56,1,6,0
1932,3,2,23,1,6,2
1933,3,0,47,1,3,2
1934,1,1,37,3,1,1
1935,3,1,44,1,4,1
1936,2,2,33,0,3,1
1937,0,1,52,3,2,2
1938,0,0,45,0,4,2
1939,0,0,45,2,3,2
1940,0,0,19,1,3,2
1941,2,0,16,3,1,0
1942,0,2,29,2,0,2
1943,3,2,59,3,6,2
1944,3,0,41,0,3,2
1945,1,1,30,1,3,1
1946,0,2,58,1,3,0
1947,3,2,6,2,4,0
1948,3,2,22,1,6,0
1949,3,0,47,1,3,0
1950,3,1,17,1,6,0
1951,3,1,17,1,3,2
1952,1,1,37,3,1,2
1953,0,0,5,2,2,2
1954,0,0,53,1,2,2
1955,0,1,14,3,4,2
1956,3,1,17,0,4,0
1957,3,2,23,2,1,1
1958,1,0,24,0,3,0
1959,3,0,48,3,2,1
1960,1,0,25,1,6,0
1961,1,0,25,1,1,2
1962,1,2,18,0,3,1
1963,2,0,55,1,3,1
1964,0,0,53,3,3,2
1965,1,2,18,1,6,1
1966,1,2,40,1,3,1
1967,3,2,21,1,4,2
1968,2,2,54,1,6,1
1969,1,2,49,1,6,1
1970,3,0,47,1,4,0
1971,3,0,27,0,2,0
1972,1,1,50,1,2,1
1973,1,0,13,3,6,2
1974,3,0,48,3,2,2
1975,2,1,51,0,3,1
1976,3,0,4,1,6,0
1977,0,0,39,1,0,2
1978,2,0,57,0,3,0
1979,2,1,11,1,0,2
1980,0,2,28,2,6,1
1981,0,1,14,1,4,2
1982,0,1,14,1,6,2
1983,1,1,30,1,3,2
1984,0,0,19,1,4,2
1985,1,0,13,1,6,2
1986,1,2,32,1,3,2
1987,0,0,53,3,2,1
1988,3,1,44,1,3,1
1989,3,2,21,2,3,1
1990,3,0,27,0,2,2
1991,0,2,28,1,2,1
1992,1,1,30,1,0,0
1993,3,0,4,0,0,1
1994,1,1,0,3,2,1
1995,1,1,0,3,0,0
1996,0,2,28,0,1,2
1997,2,0,43,1,4,2
1998,2,2,54,1,6,1
1999,1,0,13,3,6,1
2000,1,2,10,1,0,2
2001,2,0,55,3,6,2
2002,2,2,33,0,2,1
2003,3,2,23,2,6,2
2004,0,1,15,1,4,2
2005,1,1,50,1,6,0
2006,3,1,36,3,6,1
2007,1,0,3,0,2,0
2008,3,1,44,1,3,1
2009,0,2,29,3,2,0
2010,3,2,59,0,2,0
2011,0,2,26,3,6,2
2012,1,0,13,2,2,0
2013,0,1,15,1,4,2
2014,0,0,45,2,0,2
2015,0,2,28,1,2,0
2016,3,2,22,1,6,2
2017,1,0,13,0,0,2
2018,3,0,27,1,2,0
2019,2,1,8,1,4,2
2020,2,2,7,0,6,0
2021,2,2,7,0,6,0
2022,1,0,25,2,2,2
2023,1,2,49,1,6,1
2024,2,2,46,1,2,1
2025,0,0,53,0,3,0
2026,2,1,51,3,6,0
2027,1,1,50,0,6,0
2028,3,0,27,3,6,1
2029,1,2,10,3,0,2
2030,2,1,11,1,5,2
2031,2,1,12,1,4,2
2032,0,2,29,1,0,2
2033,3,1,38,0,0,2
2034,3,1,38,3,0,1
2035,2,2,46,3,3,2
2036,1,2,49,2,1,2
2037,3,0,41,3,4,2
2038,3,2,21,1,6,1
2039,0,2,28,3,6,0
2040,0,0,19,3,6,2
2041,1,2,10,1,4,2
2042,0,2,28,2,2,1
2043,3,0,48,1,0,1
2044,3,1,44,1,0,2
2045,0,0,19,1,4,0
2046,3,1,17,2,4,2
2047,3,0,4,2,2,0
2048,2,2,33,3,6,0
2049,3,2,59,3,6,2
2050,1,1,50,0,1,0
2051,2,0,43,1,0,0
2052,2,1,8,1,4,0
2053,0,0,39,0,0,2
2054,0,0,53,0,6,0
2055,0,0,53,3,3,0
2056,1,0,24,2,6,2
2057,0,2,28,1,6,2
2058,0,2,58,1,6,2
2059,3,1,44,1,2,0
2060,2,2,33,1,4,2
2061,1,0,25,1,6,2
2062,0,2,28,3,2,0
2063,1,1,1,0,6,1
2064,1,1,50,1,2,1
2065,3,1,36,3,4,2
2066,0,2,29,3,3,1
2067,0,2,26,2,3,1
2068,3,0,47,1,6,1
2069,1,2,18,2,3,2
2070,3,2,21,1,6,2
2071,3,0,48,3,6,2
2072,2,2,33,3,4,1
2073,3,1,38,0,4,0
2074,1,2,49,3,2,2
2075,2,0,43,0,2,0
2076,3,2,22,1,2,2
2077,2,0,16,1,4,1
2078,3,2,6,1,6,1
2079,1,2,40,0,0,2
2080,0,1,14,0,4,2
2081,0,1,9,1,4,2
2082,2,1,12,1,6,2
2083,3,2,23,2,6,2
2084,2,2,33,1,3,2
2085,2,0,56,1,4,0
2086,0,0,5,3,0,1
2087,3,2,23,1,2,2
2088,2,0,43,0,4,0
2089,3,2,23,2,6,2
2090,0,2,58,0,2,0
2091,3,0,4,0,3,2
2092,3,1,17,1,6,1
2093,0,2,28,1,3,1
2094,2,1,12,3,0,2
2095,3,1,36,1,6,2
2096,0,1,42,1,4,0
2097,0,1,52,0,3,0
2098,0,0,53,0,3,0
2099,0,1,9,1,4,0
2100,3,0,48,3,4,2
2101,2,2,33,1,0,2
2102,0,0,5,1,0,1
2103,1,2,32,1,3,0
2104,3,0,41,0,0,0
2105,2,1,20,2,1,2
2106,0,2,26,2,1,1
2107,0,0,39,1,0,1
2108,1,0,2,0,2,2
2109,1,0,2,2,2,2
2110,1,0,13,1,4,2
2111,2,1,20,1,2,2
2112,3,1,38,3,0,1
2113,0,2,26,2,2,1
2114,1,1,37,0,4,1
2115,3,0,4,0,4,0
2116,2,2,7,3,2,1
2117,1,2,49,3,6,1
2118,0,1,15,1,2,2
2119,3,2,59,1,6,1
2120,1,0,2,0,4,1
2121,3,0,4,1,2,2
2122,3,1,17,2,6,2
2123,3,2,23,1,4,0
2124,2,0,57,1,2,0
2125,1,2,40,0,0,2
2126,3,2,23,2,4,1
2127,1,1,1,3,2,0
2128,1,0,24,1,2,2
2129,0,0,39,3,0,2
2130,3,1,44,0,6,0
2131,3,1,38,1,0,1
2132,0,2,29,2,2,2
2133,3,2,23,1,1,2
2134,1,1,37,1,0,2
2135,1,2,32,1,0,2
2136,3,2,23,2,3,2
2137,0,2,28,0,2,1
2138,3,2,59,3,6,0
2139,1,1,37,0,3,1
2140,2,0,57,3,3,2
2141,0,0,19,2,6,2
2142,2,0,56,1,3,1
2143,2,1,12,1,4,2
2144,0,0,39,1,3,2
2145,1,2,32,3,0,2
2146,1,1,0,2,6,1
2147,3,0,4,1,4,2
2148,0,2,26,1,2,0
2149,2,0,55,1,4,1
2150,3,0,27,1,6,1
2151,0,0,39,1,3,0
2152,1,0,13,0,6,1
2153,1,0,25,2,3,2
2154,2,0,55,1,3,0
2155,0,2,29,1,6,2
2156,1,2,18,3,4,2
2157,1,1,0,0,0,2
2158,1,2,10,0,5,0
2159,2,1,11,1,4,2
2160,3,2,59,3,2,2
2161,2,1,12,3,4,2
2162,2,0,43,2,2,1
2163,1,2,40,1,0,2
2164,1,1,0,0,0,2
2165,3,1,36,0,4,2
2166,0,1,14,3,2,1
2167,1,2,49,0,4,1
2168,2,1,11,1,4,2
2169,3,0,27,2,0,1
2170,2,2,31,1,4,1
2171,3,2,21,1,3,1
2172,1,1,30,1,0,1
2173,1,0,24,3,4,1
2174,0,1,9,1,3,2
2175,2,2,54,3,5,1
2176,1,2,49,0,1,2
2177,1,0,3,1,6,0
2178,3,2,6,2,6,2
2179,0,2,58,3,6,2
2180,2,0,16,1,6,2
2181,0,2,29,1,6,2
2182,2,2,31,2,0,2
2183,1,1,1,2,3,1
2184,0,2,58,2,3,0
2185,0,2,26,2,1,2
2186,0,1,52,3,6,0
2187,1,0,25,3,1,0
2188,0,2,34,1,6,1
2189,0,2,34,0,3,2
2190,0,2,34,1,3,1
2191,3,0,27,1,2,1
2192,1,0,3,3,6,1
2193,0,1,42,0,0,2
2194,0,0,19,1,3,0
2195,1,0,2,0,3,1
2196,3,0,48,2,4,2
2197,3,0,27,2,2,1
2198,1,2,49,1,3,1
2199,0,1,52,0,6,2
2200,2,2,46,2,4,1
2201,2,0,55,0,3,0
2202,2,2,54,1,3,1
2203,0,0,39,0,4,1
2204,2,0,43,1,3,0
2205,3,0,48,1,6,1
2206,2,1,12,1,6,2
2207,0,0,53,1,2,1
2208,1,0,25,3,4,0
2209,2,0,57,3,3,2
2210,1,0,2,2,3,0
2211,0,1,9,2,0,2
2212,3,1,36,3,2,1
2213,0,1,14,1,0,2
2214,3,2,21,1,3,0
2215,3,0,41,1,4,1
2216,2,1,11,3,4,2
2217,0,0,39,3,0,2
2218,1,0,3,3,6,0
2219,3,0,41,0,0,0
2220,1,2,32,1,0,2
2221,1,2,32,1,0,2
2222,3,0,4,1,6,1
2223,2,2,54,1,2,1
2224,2,0,56,1,4,0
2225,1,2,49,1,3,0
2226,2,2,7,1,0,0
2227,1,2,18,1,3,2
2228,1,1,0,3,3,2
2229,1,2,49,0,6,1
2230,0,0,45,2,3,0
2231,2,1,20,2,3,2
2232,1,0,24,0,2,2
2233,1,0,25,1,2,1
2234,0,2,29,1,6,0
2235,3,1,38,3,4,2
2236,2,1,20,1,4,1
2237,1,1,37,1,2,2
2238,2,2,7,2,6,2
2239,3,0,41,1,3,1
2240,0,2,28,0,6,2
2241,3,1,36,3,6,2
2242,1,0,24,2,2,0
2243,3,2,23,1,3,2
2244,0,1,42,0,4,0
2245,2,1,51,1,4,2
2246,1,2,40,1,0,0
2247,0,1,42,0,2,2
2248,2,2,31,1,0,1
2249,2,2,31,1,0,2
2250,2,0,16,1,6,2
2251,2,0,43,0,3,2
2252,3,2,21,2,4,0
2253,0,1,15,1,4,0
2254,3,1,38,0,0,2
2255,3,2,6,1,2,0
2256,0,0,45,1,2,2
2257,2,1,20,1,3,0
2258,3,2,23,1,3,2
2259,2,0,43,0,0,1
2260,1,0,2,3,2,2
2261,2,0,57,1,2,2
2262,3,0,41,0,4,2
2263,0,0,19,0,3,1
2264,3,0,48,1,4,1
2265,2,2,7,3,4,2
2266,2,0,16,3,4,2
2267,1,1,50,1,3,2
2268,0,1,42,0,0,2
2269,2,2,7,3,2,0
2270,1,2,49,2,4,1
2271,2,0,56,3,2,2
2272,3,2,23,1,2,2
2273,1,1,50,0,4,1
2274,0,1,14,1,6,2
2275,1,2,32,1,4,2
2276,3,2,59,1,2,0
2277,1,0,13,1,4,2
2278,0,2,26,0,2,2
2279,0,2,26,1,2,0
2280,2,2,31,1,3,2
2281,1,0,24,1,1,2
2282,2,0,57,2,3,2
2283,0,0,45,3,4,2
2284,1,0,13,1,6,2
2285,3,2,22,1,6,0
2286,3,0,27,2,6,0
2287,3,1,17,3,4,0
2288,0,2,26,1,3,2
2289,3,0,41,0,0,1
2290,3,2,6,0,6,0
2291,0,0,45,3,2,0
2292,1,2,32,0,0,2
2293,3,2,6,0,6,2
2294,0,0,39,1,0,0
2295,0,0,39,0,4,1
2296,3,2,22,2,3,1
2297,3,0,4,1,4,2
2298,2,0,56,0,2,0
2299,2,1,11,3,4,2
2300,2,0,16,3,4,1
2301,2,1,51,0,1,2
2302,1,1,50,0,6,1
2303,0,1,52,3,1,1
2304,2,0,57,1,1,0
2305,2,0,56,0,6,2
2306,1,1,0,2,2,0
2307,0,0,39,1,0,2
2308,1,1,1,2,3,1
2309,2,1,8,1,0,0
2310,1,0,13,1,0,2
2311,0,2,29,2,3,1
2312,0,1,52,0,3,1
2313,3,1,17,2,6,2
2314,1,2,10,1,3,2
2315,0,0,19,3,4,2
2316,1,2,18,2,6,2
2317,2,0,57,1,2,2
2318,0,1,9,1,4,2
2319,3,0,41,1,3,2
2320,3,1,44,1,3,0
2321,0,0,5,1,0,0
2322,2,2,46,1,6,1
2323,3,2,22,2,3,0
2324,1,0,25,2,1,1
2325,0,0,53,1,5,1
2326,3,0,41,1,0,0
2327,3,1,17,3,4,0
2328,1,1,1,3,0,1
2329,2,2,31,1,0,2
2330,2,1,8,1,0,2
2331,0,0,19,3,3,1
2332,1,0,2,3,1,1
2333,3,0,47,3,3,1
2334,2,1,51,1,2,1
2335,2,1,8,2,6,2
2336,3,1,36,1,6,0
2337,1,1,0,3,0,1
2338,2,2,33,1,1,1
2339,1,2,10,2,4,2
2340,3,2,22,1,3,1
2341,0,0,19,1,4,1
2342,3,2,21,1,3,2
2343,0,2,29,0,3,0
2344,2,1,12,1,0,2
2345,1,0,24,3,2,0
2346,1,1,1,0,6,1
2347,3,0,48,1,3,1
2348,3,0,4,1,3,2
2349,1,0,3,0,6,0
2350,1,2,10,1,0,2
2351,0,0,19,3,3,0
2352,0,1,15,2,4,1
2353,0,1,42,0,0,1
2354,3,0,47,2,6,2
2355,1,0,25,2,2,2
2356,0,1,15,2,6,0
2357,3,1,36,1,4,2
2358,1,0,24,2,2,2
2359,3,1,17,1,4,2
2360,2,0,55,3,3,2
2361,1,1,37,1,6,2
2362,2,2,31,2,0,1
2363,1,1,0,2,6,1
2364,1,1,30,2,3,0
2365,0,2,58,1,2,2
2366,2,2,54,1,2,1
2367,0,0,39,1,2,0
2368,2,1,12,1,0,2
2369,2,1,20,1,1,0
2370,1,0,3,1,6,2
2371,2,0,16,1,2,2
2372,0,0,5,0,0,0
2373,2,0,55,1,3,0
2374,1,0,24,3,2,1
2375,0,2,34,3,2,0
2376,1,1,30,3,0,0
2377,1,0,3,0,3,2
2378,1,1,30,3,2,2
2379,2,2,7,1,2,0
2380,1,1,30,1,6,1
2381,0,2,26,3,4,2
2382,2,1,51,1,3,0
2383,0,1,14,3,0,1
2384,1,1,37,1,0,1
2385,0,2,34,1,1,1
2386,2,0,16,1,2,0
2387,1,0,24,1,4,2
2388,2,2,31,1,4,1
2389,1,0,3,0,0,2
2390,3,1,35,3,6,1
2391,1,1,30,2,6,2
2392,2,1,8,3,5,0
2393,2,1,11,0,0,2
2394,3,0,41,1,2,2
2395,1,1,37,3,4,1
2396,1,0,24,1,3,2
2397,0,1,14,1,6,2
2398,0,0,45,3,3,1
2399,0,0,39,0,0,0
